duid,nombre,direccionusuario
1,David Randall,"PSC 0949, Box 2041 APO AA 71725"
2,Frances Henry,"USNS Fitzpatrick FPO AP 74170"
3,Courtney Garcia DDS,"794 James Freeway Mathewsfurt, MI 18712"
4,Jason Kemp,"51005 Timothy Underpass Woodsburgh, VA 21674"
5,Vernon Gonzales,"8703 Amy Pike Garciachester, IA 27013"
6,Lori Campos,"429 Angela Pike Apt. 389 Port Wanda, OR 44178"
7,Brian Duke,"400 Thompson Springs Port Amyland, AR 65691"
8,Jessica Graham,"65431 Harris Plaza Apt. 658 Hillhaven, NV 54338"
9,Marco Curtis,"10221 Paula Highway Suite 342 Garrisonmouth, HI 48762"
10,Oscar Caldwell,"982 Andrew Underpass Suite 779 New Michaelshire, OH 97878"
11,Dennis Rios,"008 Rowland Plains Jacksonport, NH 34492"
12,John Morrow,"3115 Ronald Radial Suite 453 Carrfort, OK 90593"
13,Mr. Stanley Davis,"47013 Caldwell Parkway Apt. 925 Davidsonmouth, OK 87204"
14,Miranda Schroeder,"99833 Jason Unions Suite 828 Gabrielmouth, VT 17200"
15,Phillip Hall,"9349 Petersen Meadows Jonesland, WY 40858"
16,Gregory Jones,"715 John Falls Apt. 167 Alyssashire, KY 79697"
17,Eric Marshall,"7729 Bradford Springs Apt. 296 Christieland, AL 52634"
18,Mark Dalton,"876 Gabriel Plaza Port Brandonburgh, DC 44886"
19,Jennifer Smith,"783 Kimberly Court Apt. 695 East Sharon, TN 15847"
20,Karen Conley,"1364 Michael Hill Suite 750 Madisontown, CT 37329"
21,George Stout,"50663 Stacy Isle Georgefurt, PA 81787"
22,Aaron Estrada,"48764 Clark Ramp Bradfordmouth, UT 55780"
23,Vincent Leonard,"08849 Kevin Rapids New Baileytown, WY 45966"
24,Darren Gray,"95058 Powers Island Johnsonside, WA 89838"
25,Nicholas Dunn,"61079 Thomas Shore Gardnerton, IN 15710"
26,Chad Holloway,"075 Samantha Mews Jeremiahberg, MD 35545"
27,Joshua Hansen,"Unit 9153 Box 5256 DPO AA 17953"
28,James Brooks,"701 Tonya Hills Brittanyport, NJ 91013"
29,Michael Hernandez,"72374 Sandra Haven New Andrewstad, NV 94835"
30,Emily Jackson,"PSC 0039, Box 7414 APO AE 01858"
31,Sheila Holmes,"4518 Johnson Throughway Mayshaven, KS 69102"
32,Christina Brown,"145 Fisher Plain Port Phillipville, OH 56904"
33,Shannon Tucker,"2643 Brian Lakes Aguirrebury, CA 70775"
34,Meredith Lindsey,"0125 Pamela Roads Suite 573 Robertview, TN 81130"
35,Sheila Hubbard,"USNV Reyes FPO AE 86453"
36,Debra Franklin,"056 Richard Heights Suite 943 Port Kristibury, SD 75378"
37,Matthew Randall,"639 Theresa Causeway New Kimberly, OH 15747"
38,Matthew Hardy,"7653 Michelle Extensions Apt. 073 New Donald, AZ 84920"
39,Jack Myers,"3556 Tamara Road Apt. 376 North Maryshire, NC 83844"
40,Samuel Sanders,"6968 Harrison Meadows New Meganland, AL 47398"
41,Sabrina Wang,"2566 Emily Ports Suite 151 Jamesshire, LA 84360"
42,Mrs. Jennifer Herrera,"789 Cynthia Canyon Suite 606 Robintown, MA 16782"
43,John Mitchell,"7247 April Ville Suite 533 West Christinashire, NM 20136"
44,Nicholas Howard,"970 Patel Fort Callahanland, AZ 29356"
45,Juan Hicks,"80203 Walter Estates Suite 342 Port Dana, WA 52677"
46,Miguel Santiago,"Unit 8487 Box 8033 DPO AE 08178"
47,Kenneth Miller,"60602 Henderson Fords Apt. 764 North Frankhaven, HI 85863"
48,Matthew Walker,"9994 Denise Mills Suite 245 Samanthashire, ID 56928"
49,Charles Esparza,"0680 Adam Key South Chad, HI 15004"
50,Justin Gonzalez,"6493 Davis Walks Suite 766 New Robert, ME 32152"
