muid,mail
1,David.Randall@gmail.com
2,Frances.Henry@gmail.com
3,Courtney.Garcia@gmail.com
4,Jason.Kemp@gmail.com
5,Vernon.Gonzales@gmail.com
6,Lori.Campos@gmail.com
7,Brian.Duke@gmail.com
8,Jessica.Graham@gmail.com
9,Marco.Curtis@gmail.com
10,Oscar.Caldwell@gmail.com
11,Dennis.Rios@gmail.com
12,John.Morrow@gmail.com
13,Mr..Stanley@gmail.com
14,Miranda.Schroeder@gmail.com
15,Phillip.Hall@gmail.com
16,Gregory.Jones@gmail.com
17,Eric.Marshall@gmail.com
18,Mark.Dalton@gmail.com
19,Jennifer.Smith@gmail.com
20,Karen.Conley@gmail.com
21,George.Stout@gmail.com
22,Aaron.Estrada@gmail.com
23,Vincent.Leonard@gmail.com
24,Darren.Gray@gmail.com
25,Nicholas.Dunn@gmail.com
26,Chad.Holloway@gmail.com
27,Joshua.Hansen@gmail.com
28,James.Brooks@gmail.com
29,Michael.Hernandez@gmail.com
30,Emily.Jackson@gmail.com
31,Sheila.Holmes@gmail.com
32,Christina.Brown@gmail.com
33,Shannon.Tucker@gmail.com
34,Meredith.Lindsey@gmail.com
35,Sheila.Hubbard@gmail.com
36,Debra.Franklin@gmail.com
37,Matthew.Randall@gmail.com
38,Matthew.Hardy@gmail.com
39,Jack.Myers@gmail.com
40,Samuel.Sanders@gmail.com
41,Sabrina.Wang@gmail.com
42,Mrs..Jennifer@gmail.com
43,John.Mitchell@gmail.com
44,Nicholas.Howard@gmail.com
45,Juan.Hicks@gmail.com
46,Miguel.Santiago@gmail.com
47,Kenneth.Miller@gmail.com
48,Matthew.Walker@gmail.com
49,Charles.Esparza@gmail.com
50,Justin.Gonzalez@gmail.com
