uid,username
19,MirandaSchroeder
40,JasonKemp
17,VincentLeonard
1,ChristinaBrown
3,PhillipHall
48,KennethMiller
46,SamuelSanders
22,JohnMorrow
28,LoriCampos
29,SheilaHubbard
49,AaronEstrada
24,NicholasDunn
34,FrancesHenry
35,JamesBrooks
9,KarenConley
36,JessicaGraham
8,GregoryJones
44,OscarCaldwell
32,DarrenGray
30,SheilaHolmes
12,Mrs.Jennifer
2,ChadHolloway
21,MatthewHardy
50,JuanHicks
13,SabrinaWang
45,DavidRandall
42,MarcoCurtis
15,VernonGonzales
39,GeorgeStout
26,BrianDuke
11,MatthewWalker
6,JohnMitchell
31,CourtneyGarcia
33,Mr.Stanley
37,ShannonTucker
16,JackMyers
23,CharlesEsparza
5,MarkDalton
27,MichaelHernandez
41,JenniferSmith
25,MiguelSantiago
38,DebraFranklin
43,DennisRios
47,EricMarshall
18,JoshuaHansen
14,MeredithLindsey
7,NicholasHoward
20,JustinGonzalez
10,MatthewRandall
4,EmilyJackson
